{"cameraMode":{"drawMode":0,"name":"Shaded","section":"Shading Mode"},"sceneLighting":false,"audioPlay":false,"sceneViewState":{"showFog":true,"showMaterialUpdate":false,"showSkybox":true,"showFlares":true,"showImageEffects":true,"showParticleSystems":true},"in2DMode":false,"pivot":{"x":-0.22469432651996613,"y":-6.098724842071533,"z":-1.5112158060073853},"rotation":{"x":0.1842724233865738,"y":0.6350964307785034,"z":-0.1596725583076477,"w":0.7329441905021668},"size":13.365370750427246,"orthographic":false}