{"cameraMode":{"drawMode":0,"name":"Shaded","section":"Shading Mode"},"sceneLighting":false,"audioPlay":false,"sceneViewState":{"showFog":true,"showMaterialUpdate":false,"showSkybox":false,"showFlares":true,"showImageEffects":true,"showParticleSystems":true},"in2DMode":false,"pivot":{"x":2.4584689140319826,"y":0.5340001583099365,"z":-0.055603981018066409},"rotation":{"x":0.08419114351272583,"y":0.020919837057590486,"z":-0.0017669604858383537,"w":0.9962314367294312},"size":4.759490489959717,"orthographic":false}