{"cameraMode":{"drawMode":0,"name":"Shaded","section":"Shading Mode"},"sceneLighting":false,"audioPlay":false,"sceneViewState":{"showFog":true,"showMaterialUpdate":false,"showSkybox":true,"showFlares":true,"showImageEffects":true,"showParticleSystems":true},"in2DMode":false,"pivot":{"x":2.6018178462982179,"y":1.2845516204833985,"z":-19.3477725982666},"rotation":{"x":0.04219604656100273,"y":-0.06888792663812638,"z":0.002917416160926223,"w":0.9967297911643982},"size":2.5973215103149416,"orthographic":false}